dataset,strategy,method,runs,ap,f1,brier,precision,recall,recall_at_1pct,recall_at_5pct,seconds,boundary_bytes,expanded_boundary_state_bytes,model_update_bytes,halo_feature_bytes
elliptic,random,local,18,0.5474327615935047,0.5837392624019633,0.034390992924468726,0.8566592746413817,0.4456673654786862,0.16090146750524106,0.5306603773584906,3.5086563242242956,0.0,0.0,0.0,0.0
elliptic,random,fedavg,18,0.5781107438558977,0.5785103985196199,0.031380772774360896,0.9233523007112959,0.42915793151642206,0.16544374563242484,0.5559923130677847,3.566886784953974,0.0,0.0,24500400.0,0.0
elliptic,random,current,18,0.5921715509018657,0.6259979739770122,0.03113232505895001,0.9151203334918352,0.4776380153738644,0.16858839972047515,0.554769392033543,5.195146508494206,1152571733.3333333,1339451733.3333333,24500400.0,0.0
elliptic,random,fresh,18,0.595414853677495,0.6363637522803605,0.03083692079391934,0.9232990349207082,0.4859364081062194,0.16893780573025854,0.5560796645702306,6.315286841174717,2305143466.6666665,2678903466.6666665,24500400.0,0.0
elliptic,random,shuffled,18,0.5870934278306295,0.6269359297198313,0.031205807275969444,0.9150532851641948,0.4782494758909853,0.16788958770090842,0.5566911250873514,11.987621300231321,1152571733.3333333,1339451733.3333333,24500400.0,0.0
elliptic,random,oracle,18,0.5753907299919727,0.5744643255215585,0.03425646046500031,0.7991764362251801,0.4640985324947589,0.1712962962962963,0.5280398322851153,4.104063227503109,5654805066.666667,2678903466.6666665,24500400.0,0.0
elliptic,random,centralized,6,0.5758834868266679,0.6294955754615458,0.03230855647509494,0.7705104023934345,0.5372117400419287,0.16325995807127883,0.5579140461215933,5.699688899483095,0.0,0.0,0.0,0.0
elliptic,random,mlp,6,0.5817268648751681,0.6481521536505481,0.031166674311711703,0.8854579544605476,0.5117924528301886,0.16247379454926622,0.5597484276729561,0.8746919015148199,0.0,0.0,0.0,0.0
elliptic,random,fedmlp,18,0.6140945123519437,0.6598133065351743,0.028548786748574688,0.9254561187145457,0.5153738644304681,0.17120894479385043,0.575733752620545,1.2242899110961005,0.0,0.0,12442800.0,0.0
elliptic,random,fedgcn,18,0.25755026657146934,0.32177278291076816,0.05074431861605211,0.34071166992054747,0.3370894479385045,0.09634870719776381,0.3189203354297694,11.874443342062024,0.0,0.0,7375200.0,49129544.0
elliptic,random,rf_pooled,6,0.6565120908839542,0.6932300003740123,0.026282431347576563,0.8961976389784171,0.5655136268343816,0.1761006289308176,0.6032494758909853,2.5870636208135998,0.0,0.0,0.0,0.0
elliptic,random,rf_local,18,0.6532104062171731,0.6879024821126265,0.026825035807698853,0.8548815278934713,0.5759958071278827,0.1761006289308176,0.6018518518518519,2.4431764733850136,0.0,0.0,0.0,0.0
elliptic,random,xgb_pooled,6,0.6529317442838377,0.6703296703296703,0.02783284882720281,0.8026315789473685,0.5754716981132075,0.1761006289308176,0.5943396226415095,0.4507352518558794,0.0,0.0,0.0,0.0
elliptic,random,xgb_local,18,0.6540866230610342,0.6824575154601402,0.027848025764686615,0.9041322869986256,0.5487421383647799,0.17557651991614254,0.5927672955974842,0.781294694776054,0.0,0.0,0.0,0.0
elliptic,louvain,local,18,0.5303495735035326,0.5405714502184324,0.038493699167172275,0.7631663005960774,0.42382948986722574,0.1723445143256464,0.4827044025157233,6.102475512061131,0.0,0.0,0.0,0.0
elliptic,louvain,fedavg,18,0.5598603671433572,0.5520817149207251,0.03456383914908118,0.8618307041880989,0.41780223619846263,0.16981132075471697,0.5103074772886094,6.174236598048531,0.0,0.0,24500400.0,0.0
elliptic,louvain,current,18,0.5610564197071524,0.5485911192018613,0.03455695099232477,0.8004986596280718,0.43990216631726065,0.1696366177498253,0.5110936408106218,8.92537224771797,80635733.33333333,88669866.66666667,24500400.0,0.0
elliptic,louvain,fresh,18,0.5631421846294484,0.5473932502682473,0.034570086983973965,0.8469926662843802,0.42155835080363374,0.1702480782669462,0.5114430468204053,11.237037187667019,161271466.66666666,177339733.33333334,24500400.0,0.0
elliptic,louvain,shuffled,18,0.5625727294815567,0.5448324855223282,0.03452658350755338,0.8502781777071036,0.4171907756813417,0.16998602375960867,0.5126659678546471,14.57411281328006,80635733.33333333,88669866.66666667,24500400.0,0.0
elliptic,louvain,oracle,18,0.5632736975177384,0.5481983920191551,0.034385312948346944,0.7886837822596682,0.4456673654786863,0.16928721174004194,0.51659678546471,4.232893417465293,395619066.6666667,177339733.33333334,24500400.0,0.0
elliptic,louvain,centralized,6,0.5758834868266679,0.6294955754615458,0.03230855647509494,0.7705104023934345,0.5372117400419287,0.16325995807127883,0.5579140461215933,5.699688899483095,0.0,0.0,0.0,0.0
elliptic,louvain,mlp,6,0.5817268648751681,0.6481521536505481,0.031166674311711703,0.8854579544605476,0.5117924528301886,0.16247379454926622,0.5597484276729561,0.8746919015148199,0.0,0.0,0.0,0.0
elliptic,louvain,fedmlp,18,0.6162612748651666,0.672582002087784,0.02844777527314527,0.9303750245734231,0.5269042627533194,0.17225716282320055,0.5742487770789657,1.2476224093391042,0.0,0.0,12442800.0,0.0
elliptic,louvain,fedgcn,18,0.25682726734297767,0.3163177581496766,0.05063194182574334,0.3326145872077717,0.35185185185185186,0.09433962264150944,0.3156883298392732,7.563528993605754,0.0,0.0,7375200.0,6185864.0
elliptic,louvain,rf_pooled,6,0.6565120908839542,0.6932300003740123,0.026282431347576563,0.8961976389784171,0.5655136268343816,0.1761006289308176,0.6032494758909853,2.5870636208135998,0.0,0.0,0.0,0.0
elliptic,louvain,rf_local,18,0.6518345365513557,0.6898302718204103,0.026818257145532584,0.9050279079251398,0.5576519916142558,0.1761006289308176,0.5997554157931516,2.3981442417148426,0.0,0.0,0.0,0.0
elliptic,louvain,xgb_pooled,6,0.6529317442838377,0.6703296703296703,0.02783284882720281,0.8026315789473685,0.5754716981132075,0.1761006289308176,0.5943396226415095,0.4507352518558794,0.0,0.0,0.0,0.0
elliptic,louvain,xgb_local,18,0.6508196143977135,0.6696257056547018,0.028696429027964463,0.8296414464927007,0.5634171907756813,0.1761006289308176,0.5870020964360587,0.8388035160004014,0.0,0.0,0.0,0.0
ibm,random,local,18,0.022692814429631166,0.04835652129926166,0.0010944728546250396,0.041412781268019144,0.08551483420593368,0.27515997673065734,0.6628853984874928,9.227382023553673,0.0,0.0,0.0,0.0
ibm,random,fedavg,18,0.031431456632271454,0.06942966156148477,0.001088566356377493,0.06454787095368342,0.15415939499709136,0.32722513089005234,0.7216404886561956,8.951534367901788,0.0,0.0,16666800.0,0.0
ibm,random,current,18,0.03506246138487081,0.07326512024821277,0.0010876346884823522,0.08027449646713045,0.0907504363001745,0.3263525305410122,0.7065154159394997,12.549511872548589,1464166400.0,2257433600.0,16666800.0,0.0
ibm,random,fresh,18,0.034314225932135727,0.07127944326301278,0.001087841010504507,0.08490012546306516,0.1070389761489238,0.3216986620127982,0.7088423502036068,14.310674800532297,2928332800.0,4514867200.0,16666800.0,0.0
ibm,random,shuffled,18,0.03362427402878812,0.07019511736874391,0.0010874168384487296,0.06669770936135923,0.1358347876672484,0.3324607329842932,0.7187318208260617,15.692123997096113,1464166400.0,2257433600.0,16666800.0,0.0
ibm,random,oracle,18,0.03678399823066521,0.08462135580595762,0.0010891319681024302,0.08782352600119227,0.089586969168121,0.3118091913903432,0.7152414194299012,12.258930597283163,4850051200.0,4514867200.0,16666800.0,0.0
ibm,random,centralized,6,0.03663868121973002,0.0707361989056254,0.001088218348291977,0.09562640181534009,0.08464223385689355,0.2940663176265271,0.6762652705061082,11.446026384501303,0.0,0.0,0.0,0.0
ibm,random,mlp,6,0.04567586406378762,0.09506574878086323,0.0010859699341042803,0.06535637138669874,0.2225130890052356,0.33595113438045376,0.7277486910994764,5.632111324332873,0.0,0.0,0.0,0.0
ibm,random,fedmlp,18,0.043261079616406975,0.08932550195282053,0.0010855751034254363,0.06136861409430166,0.1893542757417103,0.3310063990692263,0.7370564281559046,5.316777315267204,0.0,0.0,8526000.0,0.0
ibm,random,fedgcn,18,0.009662407263398773,0.030783130544826138,0.0011009964902386384,0.026129876207623665,0.11314717859220479,0.06980802792321116,0.5250145433391507,31.535488405376594,0.0,0.0,3458400.0,21022624.0
ibm,random,rf_pooled,6,0.03619863497335602,0.07794510871068609,0.0010838983782274685,0.06222271587804456,0.10645724258289703,0.34205933682373474,0.7539267015706805,40.96274068751253,0.0,0.0,0.0,0.0
ibm,random,rf_local,18,0.034376100602084195,0.07927297604552369,0.0010860354537445965,0.06241668038123432,0.1529959278650378,0.31937172774869116,0.7213496218731821,24.09499265013541,0.0,0.0,0.0,0.0
ibm,random,xgb_pooled,6,0.048042057484379175,0.10767468499427264,0.0010797728735894173,0.0689149560117302,0.24607329842931938,0.418848167539267,0.7591623036649214,1.8702850902998307,0.0,0.0,0.0,0.0
ibm,random,xgb_local,18,0.04198875118438607,0.09383083169212922,0.0010841115779472565,0.07289048745037584,0.16230366492146597,0.3228621291448517,0.7155322862129144,1.9925901385538256,0.0,0.0,0.0,0.0
ibm,louvain,local,18,0.026151955374845614,0.03723832708616376,0.0010969208166790743,0.05764350445918012,0.03432228039557883,0.24810936591041305,0.641652123327516,10.95419309419674,0.0,0.0,0.0,0.0
ibm,louvain,fedavg,18,0.04449672123275372,0.09025868552732999,0.0010832448166095893,0.10542428883947096,0.09802210587550901,0.3065735892961024,0.7070971495055265,10.80248395274057,0.0,0.0,16666800.0,0.0
ibm,louvain,current,18,0.04017991540931939,0.08122782614142318,0.0010848024197549681,0.06132530100340155,0.16870273414776035,0.3010471204188481,0.7065154159394997,15.313201596451172,494041600.0,724949333.3333334,16666800.0,0.0
ibm,louvain,fresh,18,0.03947625662677181,0.0884583593784151,0.0010851323234329832,0.07160340628049418,0.1518324607329843,0.3036649214659686,0.7036067481093659,17.777441323702607,988083200.0,1449898666.6666667,16666800.0,0.0
ibm,louvain,shuffled,18,0.03493779636478178,0.07335374318871171,0.001087276634601424,0.06237464770006879,0.15474112856311809,0.3106457242582897,0.720477021524142,18.078557079884288,494041600.0,724949333.3333334,16666800.0,0.0
ibm,louvain,oracle,18,0.04036101189966665,0.09186221225287033,0.0010870065902635372,0.09819519293375582,0.10529377545084352,0.32082606166375804,0.6992437463641653,12.342271294393678,1636512800.0,1449898666.6666667,16666800.0,0.0
ibm,louvain,centralized,6,0.03663868121973002,0.0707361989056254,0.001088218348291977,0.09562640181534009,0.08464223385689355,0.2940663176265271,0.6762652705061082,11.446026384501303,0.0,0.0,0.0,0.0
ibm,louvain,mlp,6,0.04567586406378762,0.09506574878086323,0.0010859699341042803,0.06535637138669874,0.2225130890052356,0.33595113438045376,0.7277486910994764,5.632111324332873,0.0,0.0,0.0,0.0
ibm,louvain,fedmlp,18,0.04474390908776323,0.08360883324366469,0.0010844325020081564,0.05882001339477066,0.20709714950552646,0.3408958696916812,0.7379290285049447,5.292755767062873,0.0,0.0,8526000.0,0.0
ibm,louvain,fedgcn,18,0.0096852418732482,0.030778280924037546,0.0011010044873284541,0.02656690739264451,0.12361838278068646,0.07155322862129145,0.5267597440372309,28.13258637263924,0.0,0.0,3458400.0,8075256.0
ibm,louvain,rf_pooled,6,0.03619863497335602,0.07794510871068609,0.0010838983782274685,0.06222271587804456,0.10645724258289703,0.34205933682373474,0.7539267015706805,40.96274068751253,0.0,0.0,0.0,0.0
ibm,louvain,rf_local,18,0.029415216940855384,0.07032027369983854,0.0010876568084086868,0.051655454405668,0.13903432228039558,0.2879581151832461,0.7521815008726003,24.857613750948683,0.0,0.0,0.0,0.0
ibm,louvain,xgb_pooled,6,0.048042057484379175,0.10767468499427264,0.0010797728735894173,0.0689149560117302,0.24607329842931938,0.418848167539267,0.7591623036649214,1.8702850902998307,0.0,0.0,0.0,0.0
ibm,louvain,xgb_local,18,0.03751241578360279,0.07913132526003316,0.0010900348758248017,0.06646494258844382,0.11343804537521815,0.38743455497382195,0.7260034904013961,2.0544506966774003,0.0,0.0,0.0,0.0
